Step,Temp,PotEng,KinEng,TotEng,Press,Density,c_MSD[1],c_MSD[2],c_MSD[3]
403,1.8684421,0.51574308,2.7886499,3.304393,0.025374692,0.025,18.738307,19.36704,19.22723
406,1.86643,0.49760633,2.7856468,3.2832532,0.02562899,0.025,19.003085,19.645719,19.500882
430,1.9656569,0.43132492,2.9337429,3.3650678,0.029728214,0.025,21.192114,21.927342,21.767161
457,2.1818874,0.45761965,3.2564669,3.7140866,0.033033856,0.025,23.915614,24.744762,24.568915
484,2.0111269,0.63707839,3.001607,3.6386854,0.02385597,0.025,26.929714,27.888302,27.658067
511,1.9346149,0.39377736,2.8874127,3.2811901,0.029509513,0.025,29.941104,30.997633,30.717694
538,1.9739892,0.42933093,2.9461789,3.3755099,0.031675711,0.025,33.060713,34.203365,33.872867
565,2.1509972,0.60060018,3.2103633,3.8109634,0.027697143,0.025,36.502912,37.732265,37.401871
592,1.9795737,0.58555158,2.9545137,3.5400653,0.023510003,0.025,40.15368,41.503493,41.184893
619,1.9099026,0.37191157,2.8505297,3.2224413,0.031510576,0.025,43.645436,45.135104,44.770243
646,2.0299038,0.46696272,3.0296314,3.4965941,0.031525619,0.025,47.367109,48.964343,48.55523
673,2.0358198,0.65696136,3.038461,3.6954224,0.022104485,0.025,51.431247,53.176835,52.729825
700,2.063866,0.51882936,3.08032,3.5991494,0.028477873,0.025,55.615231,57.594346,57.126137
727,1.8714959,0.39416174,2.7932076,3.1873693,0.030363546,0.025,59.758356,61.898128,61.378905
728,1.8684173,0.39540344,2.7886128,3.1840162,0.03028003,0.025,59.911824,62.055631,61.534
754,1.9740937,0.5265767,2.9463349,3.4729116,0.027674579,0.025,64.046225,66.280581,65.692252
755,1.9884186,0.52673676,2.9677147,3.4944515,0.027794481,0.025,64.214174,66.452156,65.86105
781,2.0612451,0.63042881,3.0764084,3.7068372,0.023834494,0.025,68.765281,71.128642,70.46661
782,2.0583966,0.63231295,3.072157,3.7044699,0.023710016,0.025,68.943314,71.313242,70.648828
808,2.0235672,0.50277711,3.020174,3.5229511,0.028261456,0.025,73.557232,76.137338,75.415934
809,2.0200855,0.49537552,3.0149776,3.5103531,0.028500904,0.025,73.733642,76.322169,75.599078
835,1.7538295,0.45941431,2.6175905,3.0770049,0.025991514,0.025,78.232202,81.007324,80.267402
862,2.0020594,0.45631523,2.9880736,3.4443888,0.03053,0.025,82.906147,85.829354,85.071144
889,2.0182575,0.64935302,3.0122492,3.6616023,0.022018523,0.025,88.169472,91.28879,90.480093
916,2.0199573,0.57955992,3.0147862,3.5943462,0.025975905,0.025,93.525407,96.901423,96.008986
943,1.957965,0.44436346,2.9222627,3.3666262,0.032735213,0.025,98.956487,102.52368,101.58424
944,1.9519852,0.43931235,2.913338,3.3526503,0.03264029,0.025,99.156835,102.72933,101.7894
970,1.7735397,0.51846387,2.647008,3.1654719,0.021426841,0.025,104.31778,108.00439,107.07802
997,2.0737017,0.64451599,3.0949998,3.7395158,0.024249217,0.025,110.01549,113.86012,112.91498
998,2.0789587,0.64404502,3.1028458,3.7468909,0.024488476,0.025,110.23876,114.09126,113.14365
1024,2.0774429,0.52173227,3.1005835,3.6223158,0.030800576,0.025,116.09337,120.1851,119.15435
1025,2.070065,0.51683371,3.089572,3.6064057,0.030833925,0.025,116.31707,120.41857,119.3843
1051,1.8713904,0.48873606,2.7930502,3.2817863,0.026467613,0.025,122.02756,126.36783,125.24055
1052,1.8659075,0.49459406,2.7848669,3.2794609,0.026156734,0.025,122.24544,126.59413,125.46377
1078,2.021098,0.56293439,3.0164888,3.5794232,0.026623102,0.025,128.06318,132.62802,131.45643
1079,2.0359672,0.56029915,3.038681,3.5989802,0.026957956,0.025,128.29754,132.87084,131.69885
1105,2.078099,0.59247045,3.1015627,3.6940332,0.026379484,0.025,134.58525,139.37124,138.18965
1106,2.0708837,0.59734918,3.0907939,3.688143,0.026135294,0.025,134.82943,139.62318,138.44072
1132,2.0126142,0.5425498,3.0038267,3.5463765,0.027165995,0.025,141.17286,146.16379,144.9197
1133,2.0099367,0.54083717,2.9998305,3.5406676,0.027247004,0.025,141.41689,146.41536,145.1674
1159,1.9462625,0.53579067,2.9047968,3.4405875,0.028287722,0.025,147.74787,152.95814,151.5991
1160,1.9516675,0.52815448,2.9128638,3.4410183,0.028528761,0.025,147.99188,153.21078,151.84786
1184,2.0232436,0.50952771,3.0078354,3.5390989,0.026969454,0.025,154.4544,159.88617,158.45564
1186,2.0153001,0.53126348,3.0078354,3.5390989,0.026969454,0.025,154.4544,159.88617,158.45564
1187,2.0110479,0.54265927,3.001489,3.5441483,0.026516667,0.025,154.7084,160.14823,159.50141
1213,2.0741503,0.63717029,3.0956694,3.7328396,0.023875275,0.025,161.46214,167.14985,165.68488
1214,2.0768392,0.6397544,3.0996825,3.7394369,0.023970579,0.025,161.72825,167.42698,165.96023
1240,2.0850551,0.60313835,3.1119447,3.715083,0.029740328,0.025,168.74728,174.72666,173.21261
1241,2.0859771,0.58967817,3.1133208,3.702999,0.03013745,0.025,169.01772,175.00711,173.49197
1267,1.8513359,0.46664809,2.7631188,3.2297669,0.026535284,0.025,175.84193,182.07226,180.54188
1268,1.8403985,0.47672917,2.7467947,3.2235239,0.026005566,0.025,176.09746,182.33671,180.80559
1294,1.9482573,0.54917363,2.907774,3.4569476,0.023821738,0.025,182.87403,189.36363,187.78201
1295,1.9568333,0.55161774,2.9205737,3.4721914,0.023915646,0.025,183.1449,189.64529,188.05995
1321,2.045752,0.63756933,3.0532849,3.6908542,0.025831292,0.025,190.41225,197.22186,195.49831
1323,2.0612428,0.62054935,3.0764049,3.6969543,0.026654668,0.025,190.98391,197.81805,196.08333
1348,1.9991614,0.55373524,2.9837485,3.5374837,0.027844131,0.025,198.16856,205.26782,203.43513
1350,1.9749248,0.56335332,2.9475753,3.5109286,0.027118027,0.025,198.73863,205.85529,204.01711
1375,1.9095456,0.52165432,2.8499968,3.3716511,0.025283669,0.025,205.77795,213.09848,211.19381
1376,1.9170653,0.51581663,2.86122,3.3770366,0.025506765,0.025,206.06005,213.3886,211.48166
1402,2.2085073,0.6436202,3.2961972,3.9398174,0.029730927,0.025,213.78576,221.33745,219.37519
1403,2.2149813,0.64430079,3.3058596,3.9501604,0.029761257,0.025,214.10043,221.66166,219.69627
1429,2.0004094,0.65243415,2.985611,3.6380451,0.02160253,0.025,222.2581,230.09764,228.00823
1430,1.9816479,0.67215963,2.9303434,3.6025031,0.020522671,0.025,222.86602,230.72848,228.62844
1456,2.0154453,0.56299653,3.0080521,3.5710486,0.029362285,0.025,230.37473,238.52161,236.33245
1483,1.9433808,0.51030359,2.9004959,3.4107995,0.02820108,0.025,238.63477,247.10626,244.90966
1510,1.8194754,0.61234298,2.7155671,3.3279101,0.017254552,0.025,246.61375,255.42102,253.17979
1537,2.1145593,0.67211455,3.1559797,3.8280943,0.028904887,0.025,255.31944,264.45109,262.10464
1564,1.9878075,0.48923877,2.9668027,3.4560414,0.029051509,0.025,264.22033,273.62516,271.2042
1591,1.8526972,0.62811743,2.7651505,3.3932679,0.019390844,0.025,272.77081,282.44164,279.95731
1618,2.1539824,0.58255723,3.2148187,3.7973759,0.029607665,0.025,281.83752,291.82956,289.25092
1645,1.965944,0.67058507,2.9341714,3.6047565,0.025084196,0.025,291.21409,301.51004,298.81579
1672,1.9993605,0.53157021,2.9840455,3.5156157,0.026175289,0.025,300.43563,311.05205,308.30794
1699,1.9955772,0.62273994,2.9783989,3.6011388,0.023771305,0.025,309.6816,320.70681,317.89932
1726,2.3299207,0.76031536,3.4774067,4.2377221,0.031241853,0.025,319.77842,331.24801,328.29425
1753,2.0800801,0.6461855,3.1045195,3.750705,0.025259788,0.025,330.1007,341.89022,338.85235
1780,1.9672942,0.5502991,2.9361866,3.4864857,0.0250137,0.025,339.90468,351.97362,348.89147
1807,1.8665242,0.68584764,2.7857874,3.471635,0.021854127,0.025,349.54572,361.94841,358.77479
1834,2.2574344,0.60138766,3.3692209,3.9706085,0.03299247,0.025,359.81121,372.55381,369.29835
1861,1.9962707,0.69298025,2.979434,3.6724143,0.020809922,0.025,370.36382,383.48065,380.13012
1888,1.9460432,0.67502136,2.9044695,3.5794909,0.021549068,0.025,380.61433,394.15107,390.67041
1915,2.1393188,0.55143295,3.1929333,3.7443662,0.033642962,0.025,391.01633,404.97589,401.34856
1916,2.1542118,0.53932195,3.2151612,3.7544831,0.034197353,0.025,391.41201,405.3862,401.75445
1942,5.0905833,7.0108204,7.5976956,14.608516,-0.013585767,0.025,401.73702,416.06565,412.46429
1969,3.2110346,1.3689021,4.7924692,6.1613713,0.039987832,0.025,409.69587,424.3018,422.30898
1996,1.4884027,3.3017642,2.221441,5.5232052,-0.022165399,0.025,415.03152,429.83209,428.35945
2023,2.5625227,0.58442908,3.8245651,4.4089942,0.051301582,0.025,420.92023,435.88517,432.7271
2050,0.80008957,2.8083363,1.1941337,4.00247,-0.044238498,0.025,425.74435,440.83932,437.30108
2077,2.8776238,0.49270496,4.2948535,4.7875585,0.054595803,0.025,431.72605,447.0322,444.47634
2104,0.87944157,2.812169,1.3125665,4.1247355,-0.032162982,0.025,437.2829,452.82166,451.08417
2105,0.94570502,2.7500383,1.4114647,4.161503,-0.029317334,0.025,437.49348,453.04117,451.28646
2131,2.9840533,0.53813406,4.4536995,4.9918336,0.058440229,0.025,443.86568,459.67418,456.60406
2158,0.81207771,2.8712291,1.212026,4.0832551,-0.043934545,0.025,450.04253,466.08058,462.30859
2185,3.1471178,0.41549981,4.6970732,5.1125731,0.06590337,0.025,457.0657,473.34797,470.16347
2212,0.84985378,2.5460863,1.2684068,3.8144931,-0.034989324,0.025,463.75704,480.26798,478.05161
2216,0.88826217,2.5694782,1.3257313,3.8952095,-0.034623039,0.025,464.69227,481.23308,479.01651
2239,2.9488307,0.65915462,4.4011298,5.0602845,0.054468104,0.025,470.94103,487.68483,484.59685
2266,1.1512194,2.2469929,1.718195,3.9651879,-0.022658799,0.025,478.45077,495.47196,491.45564
2267,1.110013,2.3063804,1.6566945,3.9630749,-0.024800571,0.025,478.70459,495.73496,491.70811
2289,2.416373,1.2007022,3.6064367,4.8071389,0.028918162,0.025,484.69205,501.93615,498.41802
2293,2.7827086,0.84650196,4.1531926,4.9996945,0.044807329,0.025,485.91426,503.20579,499.46498
2320,1.3050554,1.9813902,1.9477952,3.9291854,-0.016104495,0.025,493.83701,511.47313,508.74871
2347,2.5449157,1.0100491,3.7982867,4.8083358,0.038155327,0.025,501.42404,519.32284,516.30174
2374,1.5681175,1.5425915,2.3404153,3.8830068,0.00061773542,0.025,509.89049,528.06459,523.9941
2375,1.4792912,1.6462359,2.2078421,3.854078,-0.003706722,0.025,510.17343,528.35723,524.26446
2401,2.1008186,1.3530155,3.1354717,4.4884873,0.015213741,0.025,517.70709,536.14423,531.97592
2428,2.0102231,1.1394125,3.000258,4.1396705,0.017637777,0.025,526.7125,545.47974,542.12632
2455,1.6643151,1.7697358,2.4839903,4.2537262,0.00022785917,0.025,534.84722,553.86582,550.72591
2482,2.422491,0.71659742,3.6155678,4.3321653,0.036974543,0.025,544.19909,563.52081,559.39403
2509,1.3503008,2.0044187,2.0153239,4.0197426,-0.01627979,0.025,552.65156,572.3182,567.75734
2536,2.6213576,0.592595,3.9123762,4.5049712,0.044281306,0.025,562.23787,582.24788,578.18317
2563,1.282787,1.9845573,1.9145596,3.8991168,-0.015033765,0.025,571.13915,591.52624,587.89037
2565,1.3700438,1.9169537,2.0447904,3.961744,-0.01151846,0.025,571.79533,592.20478,588.56368
2590,2.6750717,0.66666333,3.9925445,4.6592078,0.045116366,0.025,580.89089,601.59464,597.40841
2617,1.2885142,1.9172861,1.9231074,3.8403935,-0.017388281,0.025,590.32444,611.38616,606.5769
2619,1.2943646,1.9355433,1.9318392,3.8673825,-0.017387423,0.025,590.99133,612.07289,607.24843
2644,2.7263953,0.64247565,4.069145,4.7116207,0.046720497,0.025,600.13071,621.46318,616.81819
2671,3.3354118,10.069953,4.9781021,15.048056,-0.1094235,0.025,610.04203,631.79092,627.58743
2698,4.1751362,0.93487674,6.2313908,7.1662675,0.076969701,0.025,617.28497,639.25431,636.43895
2725,0.99652551,3.7928661,1.4873143,5.2801804,-0.044488497,0.025,621.80095,643.92935,641.68064
2752,2.9985496,0.95306993,4.4753352,5.4284051,0.054357674,0.025,626.51649,648.85742,644.77569
2779,0.84398142,3.1844493,1.2596423,4.4440916,-0.045274474,0.025,630.59646,653.07456,648.57606
2780,0.90193121,3.1299587,1.3461323,4.476091,-0.042874337,0.025,630.74603,653.23045,648.74507
2806,2.7881028,1.2344151,4.1612434,5.3956585,0.043187214,0.025,635.23468,657.94386,654.49581
2833,1.1071279,3.0460538,1.6523885,4.6984423,-0.030179259,0.025,639.67275,662.47929,660.13987
2860,2.8256555,1.2895253,4.2172908,5.5068161,0.040512744,0.025,644.61798,667.60382,663.80141
2887,1.1775522,2.9678721,1.7574966,4.7253687,-0.034911278,0.025,649.24937,672.37062,667.60879
2914,2.99127,1.186595,4.4644704,5.6510655,0.050016842,0.025,654.24338,677.52942,673.38306
2941,1.2361057,2.7625169,1.8448878,4.6074047,-0.027025289,0.025,659.04481,682.56542,679.55404
2968,2.7957691,1.4382219,4.1726854,5.6109073,0.035821286,0.025,663.92989,687.56099,684.17574
2995,1.4011508,2.7139124,2.0912176,4.8051301,-0.023465825,0.025,668.93452,692.84593,688.12323
3022,2.5724077,1.7204678,3.8393185,5.5597863,0.029444583,0.025,673.82841,697.81696,693.15899
3049,1.4392417,2.6966112,2.1480682,4.8446794,-0.018495131,0.025,678.89096,703.22025,699.28454
3076,2.4228365,1.8638242,3.6160834,5.4799076,0.019673752,0.025,683.76578,708.14154,704.8776
3103,1.4930073,2.7050273,2.2283134,4.9333407,-0.019449716,0.025,688.86572,713.54894,709.30857
3130,2.4957554,1.7572279,3.724915,5.4821428,0.025481654,0.025,693.78541,718.51476,713.72091
3157,1.6031502,2.5056367,2.3927017,4.8983384,-0.011725222,0.025,698.81011,723.85449,719.15184
3158,1.5671237,2.5483072,2.3389321,4.8872393,-0.013403925,0.025,698.9859,724.04291,719.35755
3184,2.514327,1.6979551,3.7526331,5.4505881,0.024110215,0.025,703.69075,728.79959,725.0282
3211,1.6408735,2.4853278,2.4490037,4.9343315,-0.013236434,0.025,708.72342,734.0147,730.34745
3212,1.6077763,2.5235943,2.3996062,4.9232004,-0.014707489,0.025,708.89896,734.20433,730.50086
3238,2.4435892,1.8302594,3.6470569,5.4773163,0.0232231,0.025,713.57823,739.08718,734.34043
3265,1.6449016,2.4571216,2.4550156,4.9121372,-0.0099088074,0.025,718.64445,744.31899,739.14173
3292,2.2165629,2.1135827,3.3082202,5.4218028,0.01128633,0.025,723.48767,749.41857,744.78434
3319,1.6870566,2.4881419,2.517932,5.0060738,-0.010037365,0.025,728.62074,754.59298,750.98423
3346,2.1376307,2.1757249,3.1904139,5.3661387,0.0083970485,0.025,733.48149,759.7091,755.23092
3373,3.1922655,11.652049,4.7644562,16.416505,-0.12906274,0.025,738.67984,764.92911,759.57584
3400,4.6373842,1.6277431,6.9212959,8.5490391,0.079290768,0.025,743.97927,769.11748,763.9091
3427,1.1293819,4.412166,1.6856026,6.0977685,-0.054105641,0.025,747.4921,771.63661,767.29429
3428,1.1908467,4.3353264,1.7773388,6.1126652,-0.050970728,0.025,747.5536,771.71979,767.40728
3454,3.0557895,1.1942743,4.5607659,5.7550401,0.053434987,0.025,748.38008,774.08149,769.96786
3481,0.97733857,3.2224287,1.4586778,4.6811066,-0.037536285,0.025,749.75256,776.11,771.32819
3482,1.0258304,3.1806463,1.5310519,4.7116982,-0.035652562,0.025,749.8258,776.18095,771.37281
3508,2.9433613,1.3238628,4.3929668,5.7168296,0.043901312,0.025,752.65087,778.37315,773.02722
3535,1.0822267,3.3728186,1.6152233,4.9880419,-0.039035668,0.025,755.84651,780.59883,775.51076
3562,2.8872551,1.5886298,4.3092282,5.897858,0.043771421,0.025,757.27645,782.92616,778.89497
3589,1.2239812,3.1681902,1.8267919,4.9949821,-0.031100765,0.025,758.64353,785.25139,781.03748
3616,2.6801555,1.8633528,4.0001321,5.863485,0.027824282,0.025,761.2212,787.60939,782.33527
3643,1.4087595,3.011064,2.1025735,5.1136375,-0.026083971,0.025,764.48555,790.00461,784.36822
3670,2.5423083,2.0282919,3.7943952,5.8226871,0.027143787,0.025,766.61831,792.28036,787.78607
3697,1.6538371,2.7248816,2.4683519,5.1932335,-0.012857794,0.025,767.96877,794.62995,790.83901
3724,5.7316805,2.0826553,8.5545332,10.637188,0.09760372,0.025,769.81476,796.6737,794.01936
3751,1.1349581,3.8648678,1.6939249,5.5587927,-0.044903566,0.025,771.52167,797.87463,797.83264
3752,1.0678112,3.948682,1.5937083,5.5423902,-0.047853204,0.025,771.58134,797.91105,797.90679
3778,3.1823417,1.5773861,4.749645,6.327031,0.051437138,0.025,773.02154,798.90391,797.83014
3805,1.1153308,3.0651955,1.6646312,4.7298266,-0.03051594,0.025,773.6371,799.88433,797.04764
3832,2.7806228,1.6229063,4.1500795,5.7729859,0.033329122,0.025,773.96948,800.86015,798.21242
3859,1.2937469,3.1667919,1.9309172,5.0977091,-0.030303159,0.025,774.94253,801.8842,801.19592
3886,2.7611971,1.8889965,4.1210867,6.0100833,0.035021966,0.025,776.64052,802.87648,802.07909
3913,1.4574716,2.9989089,2.1752763,5.1741852,-0.020040413,0.025,778.05291,803.94214,801.41215
3940,2.4830018,2.0760777,3.7058802,5.781958,0.017544893,0.025,778.15018,804.89957,802.07541
3967,1.6331443,2.8240954,2.4374678,5.2615633,-0.017571752,0.025,778.67272,805.94379,804.44504
3994,2.2462079,2.3136586,3.3524653,5.6661239,0.013717822,0.025,780.10487,806.87547,806.25653
4021,1.8504895,2.625112,2.7618555,5.3869675,-0.0026847629,0.025,782.06255,807.94172,805.96605
4048,2.0214812,2.4894481,3.0170606,5.5065088,-0.0017427946,0.025,782.35845,808.88326,806.05011
4075,2.0277866,2.4808546,3.0264715,5.5073261,-0.0012509873,0.025,782.41965,809.86128,807.66811
4102,1.9147605,2.6398275,2.8577801,5.4976076,-0.0011782782,0.025,783.50591,810.79777,809.83163
4129,2.1676513,2.3814979,3.2352196,5.6167175,0.011331697,0.025,785.6154,811.78806,810.48932
4156,1.8491652,2.7061912,2.7598791,5.4660703,-0.0087954131,0.025,786.56595,812.77552,810.21987
4183,2.2415646,2.2835362,3.3455351,5.6290713,0.0067579829,0.025,786.3314,813.69415,811.05472
4210,1.7564336,2.7768678,2.6214772,5.398345,-0.008931165,0.025,786.99908,814.63808,812.94023
4237,2.261332,2.3153787,3.3750379,5.6904166,0.016661131,0.025,788.82031,815.5571,814.63754
4264,1.7278259,2.8645361,2.5787802,5.4433163,-0.012490413,0.025,790.39725,816.51814,814.58402
4267,1.8583433,2.7381399,2.7735774,5.5117173,-0.007771803,0.025,790.44676,816.62893,814.54658
4291,2.2573427,2.3323379,3.369084,5.7014219,0.0062618528,0.025,790.28615,817.4677,814.69871
4318,1.6899662,2.8628135,2.5222746,5.3850881,-0.013481289,0.025,790.55137,818.31529,816.0198
4345,2.275973,2.3225044,3.3968897,5.7193941,0.018281634,0.025,791.91773,819.23859,818.0703
4372,1.7125148,2.8396326,2.5559284,5.3955609,-0.011685061,0.025,793.72909,820.10919,818.79656
4399,2.310873,2.3020695,3.448978,5.7510475,0.0075518748,0.025,794.23297,821.09908,818.52889
4426,1.732342,2.8152821,2.5855204,5.4008025,-0.013513987,0.025,794.18795,821.90522,819.31232
4427,1.7396721,2.8103798,2.5964606,5.4068404,-0.012873935,0.025,794.20082,821.9345,819.36292
4453,2.320491,2.3074915,3.4633329,5.7708244,0.019831091,0.025,795.0387,822.81391,821.07041
4480,1.7665819,2.7414859,2.6366236,5.3781094,-0.008378872,0.025,796.67764,823.67223,822.53566
4507,2.2432067,2.3747195,3.3479859,5.7227054,0.0044533889,0.025,797.89662,824.59165,822.40089
4534,1.7895587,2.7733856,2.6709164,5.444302,-0.011624918,0.025,797.93145,825.46954,822.72914
4561,2.2073256,2.465297,3.2944335,5.7597305,0.014209062,0.025,798.30087,826.24841,824.1098
4562,2.2399613,2.430579,3.3431422,5.7855138,0.017215448,0.025,798.36527,826.31744,824.2357
4564,2.3002453,2.3617811,3.4331161,5.7948972,0.018558702,0.025,798.39932,826.35242,824.29952
4588,1.8182518,2.7378488,2.7137408,5.4515896,-0.0054997574,0.025,799.51603,827.15899,825.77282
4615,2.1243792,2.5942508,3.1706359,5.7648868,-0.0018472379,0.025,801.05409,827.9531,826.17322
4642,1.9017858,2.6379335,2.8384154,5.4763489,-0.0065903418,0.025,801.65947,828.91361,826.18967
4669,2.0782728,2.6033607,3.1018222,5.7051829,0.0072792111,0.025,801.74616,829.6042,827.28912
4696,1.9874311,2.5536927,2.9662409,5.5199336,0.0033049051,0.025,802.47417,830.51934,828.7542
4723,2.0313673,2.6236736,3.0318157,5.6554893,-0.0046810113,0.025,803.85789,831.28995,829.6647
4750,2.051948,2.4802484,3.0625324,5.5427808,-0.0011554141,0.025,805.07961,832.19019,829.69902
4777,1.9681012,2.66589,2.9373911,5.603281,0.002383506,0.025,805.25692,832.94677,830.43175
4804,2.0994191,2.422953,3.1333831,5.5563361,0.0095928161,0.025,805.5531,833.7177,831.73844
4828,1.7992152,2.8298523,2.6853286,5.515181,-0.012487721,0.025,806.44304,834.48938,832.67055
4831,1.8731393,2.7668565,2.7956604,5.5625169,-0.010258622,0.025,806.59178,834.56464,832.76309
4858,2.1355682,2.4286782,3.1873356,5.6160137,0.0016912015,0.025,808.03488,835.30347,833.15704
4860,2.098574,2.4538161,3.1321217,5.5859378,0.00053732929,0.025,808.12258,835.37238,833.16837
4885,2.1357606,5.9848141,3.1876227,9.1724368,-0.052556736,0.025,808.67537,836.21963,833.5633
4912,3.3525613,2.1158416,5.0036977,7.1195393,0.047697097,0.025,808.74887,838.01367,834.67591
4939,1.411994,3.7918115,2.1074011,5.8992125,-0.038438192,0.025,809.23012,839.6398,835.38093
4966,2.6991367,1.8422693,4.0284616,5.8707309,0.026630715,0.025,810.19546,838.99393,835.8887
4993,1.3529767,3.1414276,2.0193177,5.1607453,-0.024685277,0.025,810.9009,838.73813,836.07905
5020,2.6201836,1.8941599,3.9106241,5.804784,0.033994253,0.025,811.07407,839.75538,836.69515
5047,1.4442587,3.108109,2.1555561,5.2636651,-0.025025927,0.025,811.27928,841.37927,837.33102
5048,1.4677952,3.0931704,2.1906844,5.2838548,-0.024425829,0.025,811.29555,841.4195,837.34625
5074,2.5956567,2.0088998,3.8740177,5.8829175,0.020335509,0.025,811.94539,841.48668,837.91987
5101,1.5365802,3.0249547,2.2933459,5.3183006,-0.020217255,0.025,812.71745,841.00575,838.42066
5102,1.55292,3.0137868,2.3177331,5.3315199,-0.019314373,0.025,812.74246,841.00455,838.42754
5128,2.4923013,2.163385,3.7197597,5.8831447,0.026691442,0.025,813.24325,841.51687,838.69982
5155,1.6074688,2.937691,2.3991472,5.3368381,-0.016855961,0.025,813.4632,842.91447,839.32162
5182,2.3426128,2.3396052,3.4963496,5.8359548,0.008542373,0.025,813.82499,843.85896,839.73761
5209,1.6882903,2.8922341,2.5197733,5.4120074,-0.014567543,0.025,814.41638,843.48496,840.58351
5236,2.2477875,2.4378617,3.3548228,5.7926845,0.015822861,0.025,815.17239,843.47492,840.91634
5263,1.8008403,2.7496439,2.6877542,5.4373981,-0.0071414761,0.025,815.66102,844.39926,841.33759
5290,2.1477895,2.5000694,3.2055758,5.7056452,7.5405674e-05,0.025,815.83253,845.74121,841.56027
5317,1.9511037,2.623656,2.9120223,5.5356783,-0.0039126161,0.025,816.14177,845.98031,842.33352
5344,2.0242979,2.5657663,3.0212647,5.587031,0.0062344077,0.025,816.86514,845.61321,843.09584
5371,2.0937139,2.3999651,3.124868,5.5248331,0.0075324842,0.025,817.69241,846.00278,843.35612
5398,1.8843366,2.7718991,2.8123724,5.5842715,-0.011234761,0.025,817.92746,847.22813,843.50633
5425,2.2296334,2.3591542,3.3277278,5.686882,0.0072402248,0.025,817.94868,848.2335,843.83021
5452,1.7766974,2.9088711,2.6517209,5.560592,-0.0067947891,0.025,818.42564,847.9297,844.94577
5479,2.2820198,2.3501872,3.4059145,5.7561017,0.015149516,0.025,819.44969,847.82247,845.49176
5506,1.70402,2.9441771,2.5432499,5.487427,-0.018216867,0.025,820.04095,848.6352,845.59037
5533,2.2877719,2.3767263,3.4144996,5.7912259,0.0089740486,0.025,819.88759,850.05203,845.47486
5560,1.7135488,2.8983905,2.5574716,5.4558621,-0.0090278703,0.025,820.04221,850.29616,846.39319
5587,2.3107246,2.3375848,3.4487564,5.7863412,0.01655551,0.025,820.96585,849.81464,847.53782
5614,1.7652071,2.8245538,2.6345716,5.4591254,-0.014386108,0.025,821.98977,850.15937,847.70824
5641,2.2977328,2.3697369,3.4293662,5.7991031,0.0082644354,0.025,821.97134,851.48806,847.37149
5668,1.8339836,2.7583607,2.7372205,5.4955813,-0.0044005201,0.025,821.79093,852.43875,847.70757
5669,1.8229447,2.7746253,2.720745,5.4953703,-0.0047845805,0.025,821.79739,852.43859,847.75069
5695,2.2221037,2.4615206,3.3164897,5.7780103,0.012090239,0.025,822.38227,851.93937,849.21424
5722,1.8693743,2.7290928,2.7900412,5.519134,-0.0089054669,0.025,823.56959,851.84927,849.85812
5749,2.1128946,2.5657196,3.1534952,5.7192148,4.2816666e-05,0.025,824.07227,852.81562,849.39601
5776,1.8659177,2.7217681,2.7848821,5.5066502,-0.0026034645,0.025,823.70391,854.1711,849.18187
5803,2.0479239,2.5714041,3.0565264,5.6279305,0.0061459271,0.025,823.86529,854.09696,850.51508
5830,1.9053773,2.686868,2.8437756,5.5306437,-0.0060128993,0.025,824.82525,853.67826,851.87057
5857,2.0804665,2.5835614,3.1050962,5.6886576,-0.0016130647,0.025,825.90069,854.21279,851.4225
5884,1.9570006,2.6594721,2.9208234,5.5802955,-0.00045413292,0.025,825.77349,855.51572,850.82985
5911,2.0974497,2.5144151,3.1304437,5.6448588,0.0081578646,0.025,825.50814,856.09163,851.67531
5938,1.9441483,2.5770613,2.9016413,5.4787027,-0.0030971181,0.025,826.02813,855.63877,853.50283
5965,2.104759,2.4858609,3.1413529,5.6272138,0.00063765092,0.025,827.24414,855.74553,853.54482
5992,1.9400178,2.7612746,2.8954766,5.6567512,-0.003624487,0.025,827.84594,856.705,852.56537
6019,2.0312895,2.453825,3.0316996,5.4855247,0.0081322441,0.025,827.3536,857.68979,852.85302
6046,1.7604537,2.5167033,2.6274771,5.1441804,-0.0054403619,0.025,827.35747,857.60209,854.69219
6073,1.962886,2.4865579,2.9296074,5.4161652,-0.0022310847,0.025,828.25989,857.39701,855.56236
6100,1.9129834,2.5714829,2.8551277,5.4266106,-0.0010217324,0.025,829.49124,857.89093,854.43353
6127,2.0200025,2.6700562,3.0148537,5.6849099,0.0030131698,0.025,829.26381,858.9006,854.08463
6154,2.0790479,2.6195109,3.102979,5.7224899,0.0017107548,0.025,828.83243,859.44697,855.55903
6181,1.9957669,2.7416845,2.9786821,5.7203666,-0.0068411814,0.025,829.35105,859.20291,857.27508
6208,2.1687104,2.4040345,3.2368003,5.6408348,0.0069965438,0.025,830.74522,859.29949,856.663
6235,1.8537754,2.6052375,2.7667598,5.3719972,-0.00224644,0.025,831.20589,860.0214,855.66301
6236,1.8631587,2.6012604,2.7807644,5.3820248,-0.0018536085,0.025,831.18713,860.05869,855.65635
6240,1.9037343,2.5868248,2.8413234,5.4281482,-0.0001691485,0.025,831.09598,860.21213,855.6566
6262,2.188179,2.4267284,3.2658572,5.6925856,0.0093015962,0.025,830.52733,860.96617,856.42398
6289,1.8025949,2.8233736,2.6903729,5.5137465,-0.011726282,0.025,830.58596,861.06375,858.36068
6316,2.3614205,2.3987766,3.5244201,5.9231967,0.011968076,0.025,831.69777,860.85524,858.81698
6343,1.6837246,3.0996187,2.512959,5.6125776,-0.01579412,0.025,832.9158,861.18734,857.4679
6370,2.3115635,2.3500956,3.4500085,5.8001041,0.015066177,0.025,832.36794,862.14125,857.43576
6397,1.7284816,2.8074506,2.5797588,5.3872095,-0.012590524,0.025,831.98348,862.77667,859.09799
6424,2.2356458,2.4912797,3.3367014,5.8279811,0.006700099,0.025,832.66144,862.57871,860.56926
6451,1.8582175,2.7057368,2.7733896,5.4791264,-0.005150391,0.025,834.04589,862.5429,859.71518
6478,2.1728549,2.484554,3.242986,5.72754,0.0081268056,0.025,834.16471,863.21168,858.76034
6505,1.9239634,2.61449,2.8715154,5.4860054,-0.0040370189,0.025,833.53616,864.16043,859.72505
6532,2.0885341,2.5632046,3.1171372,5.6803417,0.0013985037,0.025,833.78096,864.29225,861.63787
6559,1.9916568,2.5201784,2.9725478,5.4927261,0.0013512292,0.025,834.90675,864.03707,861.95343
6586,1.9732387,2.6697915,2.9450588,5.6148503,-0.00032729197,0.025,835.71131,864.34434,860.47917
6613,2.0540008,2.5325671,3.0655962,5.5981633,0.0022843312,0.025,835.22494,865.22388,860.4722
6640,1.8943984,2.7734272,2.8273896,5.6008169,-0.0074902791,0.025,835.0579,865.80674,862.32393
6667,2.0845169,2.5420481,3.1111415,5.6531896,0.0040535753,0.025,835.74083,865.64099,863.79171
6694,1.8886296,2.7789289,2.8187797,5.5977086,-0.0042423636,0.025,836.83133,865.63911,862.59753
6721,2.1425653,2.471207,3.1977787,5.6689857,0.0057072242,0.025,836.9179,866.22468,861.51815
6748,1.8900062,2.6838099,2.8208342,5.5046442,-0.0066664564,0.025,836.51699,867.04453,862.85918
6775,2.1355835,2.4363396,3.1873584,5.623698,0.0065346941,0.025,836.73457,867.25386,864.96985
6802,1.9492037,2.6842658,2.9091866,5.5934524,-0.0010272642,0.025,837.63651,867.06741,864.80542
6829,2.1421743,2.5267361,3.1971951,5.7239312,0.0043351655,0.025,838.35198,867.2903,862.96962
6856,1.8067948,2.5703912,2.6966412,5.2670325,-0.0065056898,0.025,838.09729,867.98773,863.35623
6867,2.0068234,2.2788579,3.0114652,5.2903231,0.0044289873,0.025,837.95314,868.33518,864.2974
6883,2.0090831,2.3140946,2.9985565,5.3126511,0.00555727,0.025,837.92307,868.61709,865.64037
6910,1.9379653,2.7906249,2.8924133,5.6830381,-0.0020657372,0.025,838.41586,868.57006,866.68285
6937,2.0654353,2.8104587,3.0826621,5.8931209,-0.001675996,0.025,839.36662,868.4812,864.86519
6964,1.9748436,2.6616527,2.9474541,5.6091067,-0.0043184452,0.025,839.5847,868.90052,864.10858
6991,1.9400741,2.4362377,2.8955606,5.3317983,0.001319761,0.025,839.28511,869.75574,866.0241
7018,1.9094008,2.4945205,2.8497806,5.3443012,0.0019558831,0.025,839.41465,870.06596,867.84484
7045,2.2072028,2.6706102,3.2942502,5.9648604,0.0043894269,0.025,840.16098,869.8006,866.99078
7072,2.038621,2.8672983,3.0426418,5.9099401,-0.0080069171,0.025,840.80666,869.8763,865.35737
7099,2.1152524,2.454039,3.1570142,5.6110532,0.0050578816,0.025,840.70946,870.63612,866.31747
7109,2.010865,2.4119123,3.001216,5.4131283,0.0045393044,0.025,840.62195,871.0117,867.28072
7121,1.8987458,2.4982127,2.8338782,5.3321865,0.0011377482,0.025,840.58068,871.31598,868.27031
7126,1.888063,2.5226007,2.817934,5.3405346,0.00065677797,0.025,840.59368,871.37897,868.5394
7153,2.0892559,2.5514591,3.1182144,5.6696736,0.0043538637,0.025,841.0043,871.26196,868.90364
7180,1.9046463,2.7927029,2.8426846,5.6353875,-0.0093270607,0.025,841.68734,871.00276,867.18403
7207,2.1521775,2.5997304,3.212125,5.8118554,0.004087889,0.025,841.97162,871.40676,866.8631
7234,1.9240993,2.9654662,2.8717183,5.8371844,-0.0058509079,0.025,841.86581,872.41632,868.95147
7261,2.1847121,2.5892088,3.2606828,5.8498916,0.0055010069,0.025,842.00897,872.75542,870.20098
7288,1.8773118,2.559645,2.8018878,5.3615328,-0.005284976,0.025,842.49198,872.31173,869.22029
7315,2.0681849,2.5823419,3.0867659,5.6691078,0.0017294465,0.025,843.00034,872.32561,868.00371
7342,2.044117,2.5621992,3.0508447,5.6130439,0.0033663736,0.025,843.16282,873.10348,869.07822
7369,2.0089633,2.6135496,2.9983777,5.6119272,-0.00010743688,0.025,843.14027,873.92265,870.8538
7396,2.068989,2.4878572,3.087966,5.5758232,0.0016972819,0.025,843.33354,873.71968,871.03473
7423,1.9589093,2.6499532,2.9236721,5.5736253,-0.0030957298,0.025,843.7941,873.4012,869.65321
7450,2.0486658,2.5057996,3.0576337,5.5634333,0.0047170529,0.025,844.2772,873.77017,869.47263
7477,1.8417624,2.6858999,2.7488303,5.4347303,-0.0048583775,0.025,844.35454,874.73789,871.16722
7504,2.2617408,2.5989381,3.3756481,5.9745862,0.0060870917,0.025,844.28987,875.12328,872.28579
7531,1.7335412,3.0554838,2.5873102,5.642794,-0.017611878,0.025,844.51665,874.65019,871.56553
7558,2.252736,2.1953731,3.3622085,5.5575816,0.015475775,0.025,845.13071,874.59599,870.47466
7585,1.7088162,2.7696287,2.5504081,5.3200369,-0.0082155279,0.025,845.55803,875.3137,871.37367
7612,2.2779015,2.3508143,3.399768,5.7505823,0.0095056472,0.025,845.41835,876.23196,872.93468
7639,1.827816,2.7329111,2.7280154,5.4609265,-0.010893091,0.025,845.32598,876.0312,873.16046
7666,2.2225086,2.4228295,3.3170941,5.7399236,0.010539197,0.025,845.77489,875.55913,871.82409
7693,1.9079484,2.6448125,2.8476129,5.4924254,-0.00069032607,0.025,846.51765,875.85489,871.68028
7720,2.0319126,2.5056727,3.0326295,5.5383022,0.00025723689,0.025,846.62785,876.93082,873.2745
7747,1.9084499,2.6089594,2.8483614,5.4573208,-0.0054589957,0.025,846.28601,877.37804,874.31412
7774,2.0550314,2.5817292,3.0671344,5.6488636,0.0037811432,0.025,846.40412,876.72149,873.47511
7801,1.9408266,2.8162274,2.8966837,5.7129112,-0.0027888088,0.025,847.18215,876.5648,872.47526
7828,1.9973404,2.4791789,2.9810306,5.4602095,0.0004021043,0.025,847.7784,877.40468,873.45144
7855,1.7501444,2.3823708,2.6120905,4.9944613,-0.0044610681,0.025,847.44009,878.4324,874.93118
7882,1.9928956,2.2962172,2.9743967,5.270614,0.0060265295,0.025,847.16768,878.00411,874.92292
7909,1.9346888,2.6617971,2.8875231,5.5493202,-0.00075489959,0.025,847.59935,877.4098,873.74186
7936,2.1990044,2.6298347,3.282014,5.9118488,0.0037574948,0.025,848.56173,877.83205,873.74533
7963,2.0188988,2.6820979,3.0132064,5.6953043,-0.0053351308,0.025,848.72279,879.11498,875.2178
7990,2.0764676,2.6318303,3.0991279,5.7309582,0.0019033612,0.025,848.1386,879.36936,876.05935
8017,1.912448,2.5744243,2.8543286,5.4287529,0.0010889156,0.025,848.13575,878.53248,875.34408
8044,1.9827575,2.5185844,2.9592655,5.4778499,0.00077968342,0.025,848.99705,878.50392,874.6201
8071,1.9177185,2.6337403,2.8621948,5.4959351,-0.0062131138,0.025,849.82574,879.47331,875.33429
8098,2.0034969,2.6988051,2.9902191,5.6890242,-0.00074558522,0.025,849.30818,880.40667,876.54135
8125,2.1155388,2.4868755,3.1574416,5.6443171,0.0072468547,0.025,848.85763,879.75447,876.7566
8152,1.8992983,2.7820432,2.8347027,5.6167459,-0.0072666274,0.025,849.35458,879.27576,875.92537
8179,2.260678,2.4180079,3.3740619,5.7920698,0.0068505082,0.025,850.53459,879.81058,875.7083
8206,1.8731551,2.6999605,2.7956841,5.4956445,-0.0052794034,0.025,850.58317,881.00501,876.66963
8207,1.8931645,2.679005,2.825548,5.504553,-0.0042597081,0.025,850.55368,881.03932,876.71447
8233,2.1641591,2.3331775,3.2300075,5.563185,0.01091569,0.025,849.78415,881.04762,877.66373
8260,1.8100269,2.7218181,2.7014651,5.4232832,-0.007426945,0.025,849.81493,880.27315,877.41206
8287,2.1866438,2.4177199,3.2635659,5.6812858,0.0062773144,0.025,850.87476,880.29137,876.58578
8314,1.8104646,2.8531366,2.7021185,5.555255,-0.010886125,0.025,851.66973,881.26025,876.8273
8341,2.2086955,2.5472627,3.296478,5.8437407,0.0094035132,0.025,850.8887,882.12438,878.04636
8368,1.7835442,2.8063146,2.6619397,5.4682542,-0.007971096,0.025,850.48325,881.48678,878.67078
8395,2.1304863,2.4254736,3.1797508,5.6052244,0.0040262694,0.025,851.15189,881.01469,877.91282
8422,1.8195237,2.6707205,2.7156392,5.3863597,-0.0078567647,0.025,852.32647,881.50036,877.30809
8449,2.2323526,2.4678107,3.3317863,5.799597,0.011393796,0.025,852.08044,882.6919,878.09791
8476,1.9114197,2.8407216,2.8527938,5.6935155,-0.0061147693,0.025,851.31182,882.78335,879.42024
8503,2.1429089,2.2852254,3.1982915,5.4835169,0.0060740252,0.025,851.52407,881.97458,879.32514
8530,1.8463931,2.5214776,2.7557417,5.2772193,-0.0040636282,0.025,852.61828,881.93074,878.26903
8557,2.0817842,2.5106681,3.107063,5.6177311,0.0054322977,0.025,853.13484,882.89017,878.23497
8584,1.9467087,2.6819404,2.9054627,5.5874031,-0.001273537,0.025,852.33545,883.7814,879.5333
8611,2.0114774,2.6722538,3.00213,5.6743837,-0.0025717271,0.025,852.06722,883.05865,880.42033
8638,2.0587254,2.6378022,3.0726476,5.7104498,-0.0012700901,0.025,852.77659,882.55387,879.66112
8665,1.8739243,2.604454,2.7968321,5.4012861,-0.0030604109,0.025,853.76213,883.10145,878.80919
8692,2.0261243,2.4772513,3.0239905,5.5012417,0.0061610952,0.025,853.4311,884.35367,879.463
8719,1.9632281,2.5414811,2.930118,5.4715991,-0.00099050813,0.025,852.831,884.26209,880.93562
8746,2.063628,2.5888719,3.0799648,5.6688367,-0.0023110759,0.025,853.0725,883.36421,881.06449
8773,2.0823722,2.6195051,3.1079405,5.7274456,0.0010375498,0.025,854.01911,883.4407,879.82355
8800,2.006182,2.5600144,2.9942266,5.554241,0.0041552389,0.025,854.44177,884.56775,879.50274
8827,1.9657416,2.4050329,2.9338693,5.3389022,0.0022098404,0.025,853.80327,885.24018,880.90332
8854,1.9310353,2.5636895,2.8820702,5.4457597,-0.0047141645,0.025,853.57241,884.38072,882.15711
8881,2.1548953,2.792555,3.2161812,6.0087362,4.1299157e-05,0.025,854.1515,883.98331,881.28414
8908,1.9806896,2.8879566,2.9561792,5.8441358,-0.0028405844,0.025,855.02866,884.664,879.99805
8910,1.9805993,2.8620516,2.9560445,5.8180961,-0.0023997482,0.025,855.056,884.75256,879.96821
8935,2.0279621,2.5195429,3.0267334,5.5462763,0.0031562678,0.025,854.79772,885.80793,880.6506
8962,1.9615005,2.5388212,2.9275396,5.4663608,-0.0028776237,0.025,854.3041,885.50954,882.61077
8989,1.9613301,2.6214334,2.9272852,5.5487187,-0.0039104366,0.025,854.4727,884.76108,882.81166
9016,2.3001755,2.6066164,3.4330119,6.0396283,0.010457157,0.025,855.27269,884.96683,881.10152
9043,1.9406208,2.9740747,2.8963766,5.8704513,-0.0064248116,0.025,855.68987,886.05198,880.50416
9044,1.9407425,2.9592667,2.8965582,5.8558249,-0.0064148729,0.025,855.68194,886.09374,880.53301
9070,2.1895968,2.2555447,3.2679732,5.5235179,0.0065050487,0.025,855.21275,886.4611,882.34199
9097,1.8094239,2.6910452,2.7005651,5.3916103,-0.0093739435,0.025,854.96723,885.69233,883.93278
9124,2.206737,2.5701218,3.293555,5.8636769,0.01122168,0.025,855.44029,885.44401,882.69235
9151,1.8921032,2.7283942,2.8239641,5.5523583,-0.0041193531,0.025,856.15581,886.12993,881.05683
9178,2.0664138,2.6088105,3.0841226,5.6929331,-0.0025557672,0.025,856.08417,887.03724,881.91068
9190,2.2657334,2.5310539,2.780052,5.4613286,-0.0067781104,0.025,855.66083,886.73279,884.31163
9205,1.8626814,2.6812766,2.780052,5.4613286,-0.0067781104,0.025,855.66083,886.73279,884.31163
9232,2.0636586,2.5173302,3.0800105,5.5973406,0.0079499644,0.025,855.78748,886.12538,884.2431
9259,1.893964,2.5751433,2.8267413,5.4018846,-0.0010774688,0.025,856.39704,886.33619,882.17846
9286,2.0546874,2.5612242,3.0666209,5.6278451,-0.0020603418,0.025,856.72698,887.22359,881.74784
9313,2.0582918,2.5255446,3.0720005,5.5975451,0.00057818055,0.025,856.44825,887.63944,883.90343
9340,1.9987134,2.6641829,2.9830797,5.6472626,0.0014335663,0.025,856.30223,887.00158,885.34572
9367,2.1121094,2.5055096,3.1523233,5.6578329,0.0066178979,0.025,856.64809,886.7541,883.78734
9394,1.8607594,2.6255297,2.7771834,5.4027131,-0.0066783504,0.025,857.13457,887.31883,882.24655
9421,2.0671349,2.3716135,3.0851988,5.4568123,0.0034584032,0.025,857.19056,888.15471,883.26077
9448,1.8227728,2.7547353,2.7204884,5.4752237,-0.0055116182,0.025,856.97259,887.94964,885.56045
9475,2.1486722,2.6398748,3.2068932,5.846768,0.0071042763,0.025,856.99961,887.36807,885.41937
9502,1.9007788,2.7774354,2.8369124,5.6143477,-0.00800653,0.025,857.36439,887.54429,883.37931
9529,2.0809182,2.504043,3.1057704,5.6098134,0.00079788279,0.025,857.73868,888.37307,882.96575
9556,1.9354498,2.6385189,2.8886589,5.5271778,-0.0018383678,0.025,857.73663,888.75931,885.07635
9583,2.13743,2.5854249,3.1901142,5.7755391,0.0076552879,0.025,857.56715,888.18432,886.50024
9610,1.9232802,2.6514448,2.8704957,5.5219405,-0.0047653272,0.025,857.64424,887.94669,885.00223
9637,2.0812043,2.3825766,3.1061974,5.488774,0.0024179017,0.025,858.03676,888.4671,883.42007
9664,1.8879749,2.5667961,2.8178026,5.3845987,-0.0013902688,0.025,858.36379,889.23057,884.33209
9691,2.1343894,2.5662349,3.1855762,5.7518111,0.0075441009,0.025,858.25079,889.03848,886.65018
9718,1.9656207,2.8218758,2.9336888,5.7555646,-0.0056963345,0.025,858.0514,888.53074,886.70384
9745,2.0764855,2.698842,3.0991547,5.7979966,-0.00328106,0.025,858.24319,888.71085,884.49871
9772,1.84887,2.6552148,2.7594385,5.4146533,-0.0030951054,0.025,858.74893,889.42919,883.90718
9799,2.0154326,2.4241936,3.0080331,5.4322267,0.0069349726,0.025,858.97491,889.7211,886.09693
9826,1.9223471,2.6711159,2.8691031,5.5402189,-0.0040808251,0.025,858.67018,889.2766,887.77809
9853,2.3139035,2.7063805,3.453501,6.1598816,0.0021222333,0.025,858.5259,889.07816,886.04273
9880,2.0442703,2.9660296,3.0510734,6.017103,-0.005359401,0.025,858.91161,889.52244,884.14998
9907,2.2083651,2.4528061,3.2959849,5.748791,0.01066215,0.025,859.52295,890.16663,885.35588
9934,1.9081425,2.6928718,2.8479026,5.5407744,-0.0048475208,0.025,859.45751,890.10234,887.96236
9961,2.1319939,2.5360954,3.1820008,5.7180962,0.0019625724,0.025,859.0196,889.66861,887.71416
9988,1.8298393,2.6987088,2.7310351,5.4297439,-0.0058714286,0.025,859.06392,889.74154,885.29137
10000,1.9491513,2.4570808,2.9091083,5.3661891,0.002544829,0.025,859.29995,889.95007,884.74701
